age,heart_rate,blood_pressure,temperature_c,diagnoses,medications,previous_admissions,lab_tests,oxygen_saturation,stay_days
22,76,118,36.7,1,2,0,8,98,2
35,82,124,37.1,2,3,1,12,97,4
48,91,132,37.8,3,5,2,18,95,7
67,104,145,38.4,5,8,3,26,91,13
74,110,151,38.8,6,10,4,31,88,17
29,78,120,36.9,1,2,0,9,98,3
41,88,128,37.5,2,4,1,14,96,5
53,96,137,38.0,4,6,2,21,94,9
62,102,142,38.5,5,7,3,25,92,12
80,115,158,39.1,7,11,5,35,86,21
26,72,116,36.5,1,1,0,6,99,2
39,85,126,37.2,2,3,1,13,97,4
57,98,139,38.1,4,6,2,22,93,9
69,107,148,38.6,6,9,4,29,89,15
76,112,154,39.0,7,10,5,33,87,19
31,80,122,36.8,1,2,0,10,98,3
45,93,134,37.7,3,5,2,17,95,7
59,100,141,38.3,4,7,3,23,92,11
65,105,146,38.7,5,8,4,27,90,14
83,118,162,39.2,8,12,6,38,84,24