age,bmi,children,annual_income,exercise_hours_week,doctor_visits,smoker,target_cost
22,21.5,0,28000,5.0,2,0,3200
31,27.8,1,42000,3.0,4,0,5800
45,30.2,2,65000,2.0,6,1,16800
52,26.4,3,72000,4.0,5,0,9100
28,24.1,0,35000,6.0,2,0,3900
39,31.5,2,58000,1.5,7,1,14200
61,29.8,1,85000,2.0,8,1,21400
34,23.7,1,51000,5.5,3,0,6100
47,33.2,3,68000,1.0,9,1,18900
25,26.0,0,31000,4.0,3,0,4100
56,28.9,2,91000,2.5,7,0,12600
42,35.1,1,60000,1.0,8,1,15800
30,22.8,0,47000,7.0,2,0,4500
68,31.0,2,98000,1.5,10,1,24800
37,29.2,2,54000,3.0,5,0,7600
49,27.5,1,76000,4.0,6,0,9800
26,32.4,1,33000,2.0,6,1,10400
58,25.7,0,88000,5.0,5,0,10200
44,30.8,3,69000,2.5,8,1,17100
35,24.9,0,52000,6.0,3,0,5700